index,signer,pt_word,source_file,articulator
1,ligia,"Vinte",ligia-1-Vinte.mp4,2
2,ligia,"Sozinho",ligia-2-Sozinho.mp4,2
3,ligia,"Solteiro",ligia-3-Solteiro.mp4,2
4,ligia,"Algo",ligia-4-Algo.mp4,2
5,ligia,"Sempre",ligia-5-Sempre.mp4,2
6,ligia,"Espera",ligia-6-Espera.mp4,2
7,ligia,"Um",ligia-7-Um.mp4,2
8,ligia,"A",ligia-8-A.mp4,2
9,ligia,"pouco",ligia-9-pouco.mp4,2
10,ligia,"abandonar",ligia-10-abandonar.mp4,2
11,ligia,"aborto",ligia-11-aborto.mp4,2
12,ligia,"Acima",ligia-12-Acima.mp4,2
13,ligia,"Exceder",ligia-13-Exceder.mp4,2
14,ligia,"Superior",ligia-14-Superior.mp4,2
15,ligia,"adulto",ligia-15-adulto.mp4,2
16,ligia,"Criança",ligia-16-Criança.mp4,2
17,ligia,"crescer",ligia-17-crescer.mp4,2
18,ligia,"Máximo",ligia-18-Máximo.mp4,2
19,ligia,"Mais do que",ligia-19-Mais do que.mp4,2
20,ligia,"Embaixo",ligia-20-Embaixo.mp4,2
21,ligia,"Em cima de",ligia-21-Em cima de.mp4,2
22,ligia,"Elementar",ligia-22-Elementar.mp4,2
23,ligia,"Aceitar",ligia-23-Aceitar.mp4,2
24,ligia,"Acidente",ligia-24-Acidente.mp4,2
25,ligia,"Acompanhar",ligia-25-Acompanhar.mp4,2
26,ligia,"Morar Junto",ligia-26-Morar Junto.mp4,2
27,ligia,"Namorar",ligia-27-Namorar.mp4,2
28,ligia,"Culpar",ligia-28-Culpar.mp4,2
29,ligia,"Agir, fazer",ligia-29-Agir, fazer.mp4,2
30,ligia,"Agressivo",ligia-30-Agressivo.mp4,2
31,ligia,"acrescentar",ligia-31-acrescentar.mp4,2
32,ligia,"total",ligia-32-total.mp4,2
33,ligia,"entrar",ligia-33-entrar.mp4,2
34,ligia,"admitir",ligia-34-admitir.mp4,2
35,ligia,"Aconselhar",ligia-35-Aconselhar.mp4,2
36,ligia,"Com medo",ligia-36-Com medo.mp4,2
37,ligia,"tarde",ligia-37-tarde.mp4,2
38,ligia,"tarde toda",ligia-38-tarde toda.mp4,2
39,ligia,"de novo",ligia-39-de novo.mp4,2
40,ligia,"com frequencia",ligia-40-com frequencia.mp4,2
41,ligia,"mil",ligia-41-mil.mp4,2
42,ligia,"milhao",ligia-42-milhao.mp4,2
43,ligia,"bilhão",ligia-43-bilhão.mp4,2
44,ligia,"pessoa velha",ligia-44-pessoa velha.mp4,2
45,ligia,"concordar",ligia-45-concordar.mp4,2
46,ligia,"ar",ligia-46-ar.mp4,2
47,ligia,"aviao",ligia-47-aviao.mp4,2
48,ligia,"voar de avião",ligia-48-voar de avião.mp4,2
49,ligia,"alarme",ligia-49-alarme.mp4,2
50,ligia,"alcool",ligia-50-alcool.mp4,2
